<?xml version='1.0' encoding='UTF-8'?>
<includes>
	<include name="skinshortcuts-mainmenu">
		<item id="1">
			<property name="id">$NUMBER[1]</property>
			<label>$LOCALIZE[2]</label>
			<label2 />
			<icon>special://skin/extras/icons/DefaultAudio.png</icon>
			<thumb />
			<onclick condition="String.IsEqual(ListItem.Property(path),ActivateWindow(1129))">SetProperty(CustomSelectSearch,True,Home)</onclick>
			<onclick>ActivateWindow(Music,musicdb://,return)</onclick>
			<property name="path">ActivateWindow(Music,musicdb://,return)</property>
			<visible>String.IsEqual(System.ProfileName,Master user)</visible>
			<property name="submenuVisibility">num-2</property>
			<property name="hasSubmenu">True</property>
		</item>
		<item id="2">
			<property name="id">$NUMBER[2]</property>
			<label>Filme</label>
			<label2>Benutzerdefinierte Einträge</label2>
			<icon>special://skin/extras/icons/DefaultAddSource.png</icon>
			<thumb>image://C%3a%5cKodi%5cKodi%2018%5cKodi%20grund%20Exodus%20test%5cportable_data%5caddons%5cscript.lastship.artwork%5cresources%5cmedia%5cLastship%5cmovies.png/</thumb>
			<property name="translatedPath">ActivateWindow(Videos,"plugin://plugin.video.lastship/?action=movieNavigator",return)</property>
			<onclick condition="String.IsEqual(ListItem.Property(path),ActivateWindow(1129))">SetProperty(CustomSelectSearch,True,Home)</onclick>
			<onclick condition="Library.HasContent(Movies)">ActivateWindow(Videos,"library://video/movies/",return)</onclick>
			<property name="path">ActivateWindow(Videos,"library://video/movies/",return)</property>
			<onclick condition="![Library.HasContent(Movies)]">ActivateWindow(videos,files,return)</onclick>
			<visible>String.IsEqual(System.ProfileName,Master user)</visible>
			<property name="submenuVisibility">filme</property>
			<property name="hasSubmenu">True</property>
		</item>
		<item id="3">
			<property name="id">$NUMBER[3]</property>
			<label>Lastship</label>
			<label2>Video Add-On</label2>
			<icon>special://skin/extras/icons/DefaultAddSource.png</icon>
			<thumb>image://C%3a%5cKodi%5cKodi%2018%5cKodi%20grund%20Exodus%20test%5cportable_data%5caddons%5cplugin.video.lastship%5cicon.png/</thumb>
			<property name="translatedPath">ActivateWindow(Videos,"plugin://plugin.video.lastship",return)</property>
			<property name="widgetName">Super Favourites - Filme</property>
			<property name="widgetType">videos</property>
			<property name="widgetStyle">Extended Panel</property>
			<property name="widgetPanelInfo">Enabled</property>
			<property name="widgetCase">Glass</property>
			<property name="widgetName.2">Lastship - In den Kinos</property>
			<property name="widgetType.2">movies</property>
			<property name="widgetStyle.2">Extended Panel</property>
			<property name="widgetPanelInfo.2">Enabled</property>
			<property name="widgetCase.2">Glass</property>
			<onclick condition="String.IsEqual(ListItem.Property(path),ActivateWindow(1129))">SetProperty(CustomSelectSearch,True,Home)</onclick>
			<onclick>ActivateWindow(Videos,"plugin://plugin.video.lastship",return)</onclick>
			<property name="path">ActivateWindow(Videos,"plugin://plugin.video.lastship",return)</property>
			<visible>String.IsEqual(System.ProfileName,Master user)</visible>
			<property name="submenuVisibility">plugin-video-lastship</property>
			<property name="hasSubmenu">True</property>
		</item>
		<item id="4">
			<property name="id">$NUMBER[4]</property>
			<label>$LOCALIZE[20343]</label>
			<label2 />
			<icon>special://skin/extras/icons/DefaultTVShows.png</icon>
			<thumb />
			<onclick condition="String.IsEqual(ListItem.Property(path),ActivateWindow(1129))">SetProperty(CustomSelectSearch,True,Home)</onclick>
			<onclick condition="Library.HasContent(TVShows)">ActivateWindow(Videos,videodb://tvshows/titles/,return)</onclick>
			<property name="path">ActivateWindow(Videos,videodb://tvshows/titles/,return)</property>
			<onclick condition="![Library.HasContent(TVShows)]">ActivateWindow(videos,files,return)</onclick>
			<visible>String.IsEqual(System.ProfileName,Master user)</visible>
			<property name="submenuVisibility">tvshows</property>
			<property name="hasSubmenu">True</property>
		</item>
		<item id="5">
			<property name="id">$NUMBER[5]</property>
			<label>Lastship Serien</label>
			<label2>Video Add-On</label2>
			<icon>special://skin/extras/icons/DefaultAddSource.png</icon>
			<thumb>image://C%3a%5cKodi%5cKodi%2018%5cKodi%20grund%20Exodus%20test%5cportable_data%5caddons%5cscript.lastship.artwork%5cresources%5cmedia%5cLastship%5ctvshows.png/</thumb>
			<property name="translatedPath">ActivateWindow(Videos,"plugin://plugin.video.lastship/?action=tvNavigator",return)</property>
			<property name="widgetName">Super Favourites - Serien</property>
			<property name="widgetType">videos</property>
			<property name="widgetStyle">Extended List</property>
			<property name="widgetCase">Glass</property>
			<property name="widgetName.2">Lastship - TV-Serien</property>
			<property name="widgetType.2">videos</property>
			<property name="widgetStyle.2">Extended Panel</property>
			<property name="widgetPanelInfo.2">Enabled</property>
			<property name="widgetCase.2">Glass</property>
			<onclick condition="String.IsEqual(ListItem.Property(path),ActivateWindow(1129))">SetProperty(CustomSelectSearch,True,Home)</onclick>
			<onclick>ActivateWindow(Videos,"plugin://plugin.video.lastship/?action=tvNavigator",return)</onclick>
			<property name="path">ActivateWindow(Videos,"plugin://plugin.video.lastship/?action=tvNavigator",return)</property>
			<visible>String.IsEqual(System.ProfileName,Master user)</visible>
			<property name="submenuVisibility">lastshipserien</property>
			<property name="hasSubmenu">True</property>
		</item>
		<item id="6">
			<property name="id">$NUMBER[6]</property>
			<label>XXX-O-DUS</label>
			<label2>Video Add-On</label2>
			<icon>special://skin/extras/icons/DefaultAddSource.png</icon>
			<thumb>image://C%3a%5cKodi%5cKodi%2018%5cKodi%20grund%20Exodus%20test%5cportable_data%5caddons%5cplugin.video.xxx-o-dus%5cicon.png/</thumb>
			<property name="translatedPath">ActivateWindow(Videos,"plugin://plugin.video.xxx-o-dus",return)</property>
			<onclick condition="String.IsEqual(ListItem.Property(path),ActivateWindow(1129))">SetProperty(CustomSelectSearch,True,Home)</onclick>
			<onclick>ActivateWindow(Videos,"plugin://plugin.video.xxx-o-dus",return)</onclick>
			<property name="path">ActivateWindow(Videos,"plugin://plugin.video.xxx-o-dus",return)</property>
			<visible>String.IsEqual(System.ProfileName,Master user)</visible>
			<property name="submenuVisibility">plugin-video-xxx-o-dus</property>
			<property name="hasSubmenu">False</property>
		</item>
		<item id="7">
			<property name="id">$NUMBER[7]</property>
			<label>Theken</label>
			<label2>Benutzerdefinierte Einträge</label2>
			<icon>special://skin/extras/icons/DefaultAddSource.png</icon>
			<thumb />
			<onclick condition="String.IsEqual(ListItem.Property(path),ActivateWindow(1129))">SetProperty(CustomSelectSearch,True,Home)</onclick>
			<onclick>noop</onclick>
			<property name="path">noop</property>
			<visible>String.IsEqual(System.ProfileName,Master user)</visible>
			<property name="submenuVisibility">theken</property>
			<property name="hasSubmenu">True</property>
		</item>
		<item id="8">
			<property name="id">$NUMBER[8]</property>
			<label>Live TV</label>
			<label2>Benutzerdefinierte Einträge</label2>
			<icon>special://skin/extras/icons/DefaultAddSource.png</icon>
			<thumb />
			<onclick condition="String.IsEqual(ListItem.Property(path),ActivateWindow(1129))">SetProperty(CustomSelectSearch,True,Home)</onclick>
			<onclick>noop</onclick>
			<property name="path">noop</property>
			<visible>String.IsEqual(System.ProfileName,Master user)</visible>
			<property name="submenuVisibility">livetv</property>
			<property name="hasSubmenu">True</property>
		</item>
		<item id="9">
			<property name="id">$NUMBER[9]</property>
			<label>$LOCALIZE[31957]</label>
			<label2 />
			<icon>special://skin/extras/icons/DefaultProgram.png</icon>
			<thumb />
			<onclick condition="String.IsEqual(ListItem.Property(path),ActivateWindow(1129))">SetProperty(CustomSelectSearch,True,Home)</onclick>
			<onclick>ActivateWindow(1133)</onclick>
			<property name="path">ActivateWindow(1133)</property>
			<visible>String.IsEqual(System.ProfileName,Master user)</visible>
			<property name="submenuVisibility">num-31957</property>
			<property name="hasSubmenu">True</property>
		</item>
		<item id="10">
			<property name="id">$NUMBER[10]</property>
			<label>$LOCALIZE[13000]</label>
			<label2 />
			<icon>special://skin/extras/icons/DefaultAddonService.png</icon>
			<thumb />
			<onclick condition="String.IsEqual(ListItem.Property(path),ActivateWindow(1129))">SetProperty(CustomSelectSearch,True,Home)</onclick>
			<onclick>ActivateWindow(Settings)</onclick>
			<property name="path">ActivateWindow(Settings)</property>
			<visible>String.IsEqual(System.ProfileName,Master user)</visible>
			<property name="submenuVisibility">num-13000</property>
			<property name="hasSubmenu">True</property>
		</item>
		<item id="11">
			<property name="id">$NUMBER[11]</property>
			<label>$LOCALIZE[137]</label>
			<label2 />
			<icon>special://skin/extras/icons/DefaultAddonsSearch.png</icon>
			<thumb />
			<onclick condition="String.IsEqual(ListItem.Property(path),ActivateWindow(1129))">SetProperty(CustomSelectSearch,True,Home)</onclick>
			<onclick>ActivateWindow(1129)</onclick>
			<property name="path">ActivateWindow(1129)</property>
			<visible>String.IsEqual(System.ProfileName,Master user)</visible>
			<property name="submenuVisibility">num-137</property>
			<property name="hasSubmenu">False</property>
		</item>
		<item id="12">
			<property name="id">$NUMBER[12]</property>
			<label>$LOCALIZE[31958]</label>
			<label2 />
			<icon>special://skin/extras/icons/Disc.png</icon>
			<thumb />
			<visible>System.HasMediaDVD</visible>
			<onclick condition="String.IsEqual(ListItem.Property(path),ActivateWindow(1129))">SetProperty(CustomSelectSearch,True,Home)</onclick>
			<onclick>PlayDisc</onclick>
			<property name="path">PlayDisc</property>
			<visible>String.IsEqual(System.ProfileName,Master user)</visible>
			<property name="submenuVisibility">num-31958</property>
			<property name="hasSubmenu">True</property>
		</item>
		<item id="13">
			<property name="id">$NUMBER[13]</property>
			<label>$LOCALIZE[33060]</label>
			<label2 />
			<icon>special://skin/extras/icons/power.png</icon>
			<thumb />
			<onclick condition="String.IsEqual(ListItem.Property(path),ActivateWindow(1129))">SetProperty(CustomSelectSearch,True,Home)</onclick>
			<onclick>ActivateWindow(shutdownmenu)</onclick>
			<property name="path">ActivateWindow(shutdownmenu)</property>
			<visible>String.IsEqual(System.ProfileName,Master user)</visible>
			<property name="submenuVisibility">num-33060</property>
			<property name="hasSubmenu">True</property>
		</item>
		<item id="14">
			<property name="id">$NUMBER[14]</property>
			<label>$LOCALIZE[1036]</label>
			<label2 />
			<icon>special://skin/extras/icons/Favorites.png</icon>
			<thumb />
			<onclick condition="String.IsEqual(ListItem.Property(path),ActivateWindow(1129))">SetProperty(CustomSelectSearch,True,Home)</onclick>
			<onclick>ActivateWindow(Favourites)</onclick>
			<property name="path">ActivateWindow(Favourites)</property>
			<visible>String.IsEqual(System.ProfileName,Master user)</visible>
			<property name="submenuVisibility">num-1036</property>
			<property name="hasSubmenu">False</property>
		</item>
	</include>
	<include />
	<include name="skinshortcuts-submenu">
		<item id="1">
			<property name="id">$NUMBER[1]</property>
			<property name="mainmenuid">1</property>
			<label>$LOCALIZE[133]</label>
			<label2 />
			<icon>special://skin/extras/icons/DefaultAddSource.png</icon>
			<thumb />
			<onclick condition="Library.HasContent(Music)">ActivateWindow(Music,musicdb://artists/,return)</onclick>
			<property name="path">ActivateWindow(Music,musicdb://artists/,return)</property>
			<onclick condition="![Library.HasContent(Music)]">ActivateWindow(music,files)</onclick>
			<visible>[String.IsEqual(System.ProfileName,Master user)] + String.IsEqual(Container(9000).ListItem.Property(submenuVisibility),num-2)</visible>
			<property name="isSubmenu">True</property>
		</item>
		<item id="2">
			<property name="id">$NUMBER[2]</property>
			<property name="mainmenuid">1</property>
			<label>$LOCALIZE[132]</label>
			<label2 />
			<icon>special://skin/extras/icons/DefaultAddSource.png</icon>
			<thumb />
			<onclick condition="Library.HasContent(Music)">ActivateWindow(Music,musicdb://albums/,return)</onclick>
			<property name="path">ActivateWindow(Music,musicdb://albums/,return)</property>
			<onclick condition="![Library.HasContent(Music)]">ActivateWindow(music,files)</onclick>
			<visible>[String.IsEqual(System.ProfileName,Master user)] + String.IsEqual(Container(9000).ListItem.Property(submenuVisibility),num-2)</visible>
			<property name="isSubmenu">True</property>
		</item>
		<item id="3">
			<property name="id">$NUMBER[3]</property>
			<property name="mainmenuid">1</property>
			<label>$LOCALIZE[134]</label>
			<label2 />
			<icon>special://skin/extras/icons/DefaultAddSource.png</icon>
			<thumb />
			<onclick condition="Library.HasContent(Music)">ActivateWindow(Music,musicdb://songs/,return)</onclick>
			<property name="path">ActivateWindow(Music,musicdb://songs/,return)</property>
			<onclick condition="![Library.HasContent(Music)]">ActivateWindow(music,files)</onclick>
			<visible>[String.IsEqual(System.ProfileName,Master user)] + String.IsEqual(Container(9000).ListItem.Property(submenuVisibility),num-2)</visible>
			<property name="isSubmenu">True</property>
		</item>
		<item id="4">
			<property name="id">$NUMBER[4]</property>
			<property name="mainmenuid">1</property>
			<label>$LOCALIZE[744]</label>
			<label2 />
			<icon>special://skin/extras/icons/DefaultAddSource.png</icon>
			<thumb />
			<onclick>ActivateWindow(Music,sources://music/,return)</onclick>
			<property name="path">ActivateWindow(Music,sources://music/,return)</property>
			<visible>[String.IsEqual(System.ProfileName,Master user)] + String.IsEqual(Container(9000).ListItem.Property(submenuVisibility),num-2)</visible>
			<property name="isSubmenu">True</property>
		</item>
		<item id="5">
			<property name="id">$NUMBER[5]</property>
			<property name="mainmenuid">1</property>
			<label>$LOCALIZE[24001]</label>
			<label2 />
			<icon>special://skin/extras/icons/DefaultAddSource.png</icon>
			<thumb />
			<onclick>ActivateWindow(Music,addons://sources/audio/,return)</onclick>
			<property name="path">ActivateWindow(Music,addons://sources/audio/,return)</property>
			<visible>[String.IsEqual(System.ProfileName,Master user)] + String.IsEqual(Container(9000).ListItem.Property(submenuVisibility),num-2)</visible>
			<property name="isSubmenu">True</property>
		</item>
		<item id="6">
			<property name="id">$NUMBER[6]</property>
			<property name="mainmenuid">1</property>
			<label>$LOCALIZE[14022]</label>
			<label2 />
			<icon>special://skin/extras/icons/DefaultAddSource.png</icon>
			<thumb />
			<onclick>ActivateWindow(Music,musicdb://)</onclick>
			<property name="path">ActivateWindow(Music,musicdb://)</property>
			<visible>[String.IsEqual(System.ProfileName,Master user)] + String.IsEqual(Container(9000).ListItem.Property(submenuVisibility),num-2)</visible>
			<property name="isSubmenu">True</property>
		</item>
		<item id="1">
			<property name="id">$NUMBER[1]</property>
			<property name="mainmenuid">2</property>
			<label>$LOCALIZE[16101]</label>
			<label2 />
			<icon>special://skin/extras/icons/DefaultAddSource.png</icon>
			<thumb />
			<onclick>ActivateWindow(Videos,special://skin/extras/UnwatchedMovies.xsp,return)</onclick>
			<property name="path">ActivateWindow(Videos,special://skin/extras/UnwatchedMovies.xsp,return)</property>
			<visible>[String.IsEqual(System.ProfileName,Master user)] + String.IsEqual(Container(9000).ListItem.Property(submenuVisibility),filme)</visible>
			<property name="isSubmenu">True</property>
		</item>
		<item id="2">
			<property name="id">$NUMBER[2]</property>
			<property name="mainmenuid">2</property>
			<label>$LOCALIZE[575]</label>
			<label2 />
			<icon>special://skin/extras/icons/DefaultAddSource.png</icon>
			<thumb />
			<onclick>ActivateWindow(Videos,special://skin/extras/InProgressMovies.xsp,return)</onclick>
			<property name="path">ActivateWindow(Videos,special://skin/extras/InProgressMovies.xsp,return)</property>
			<visible>[String.IsEqual(System.ProfileName,Master user)] + String.IsEqual(Container(9000).ListItem.Property(submenuVisibility),filme)</visible>
			<property name="isSubmenu">True</property>
		</item>
		<item id="3">
			<property name="id">$NUMBER[3]</property>
			<property name="mainmenuid">2</property>
			<label>$LOCALIZE[31328]</label>
			<label2 />
			<icon>special://skin/extras/icons/DefaultAddSource.png</icon>
			<thumb />
			<onclick>ActivateWindow(Videos,videodb://recentlyaddedmovies/,return)</onclick>
			<property name="path">ActivateWindow(Videos,videodb://recentlyaddedmovies/,return)</property>
			<visible>[String.IsEqual(System.ProfileName,Master user)] + String.IsEqual(Container(9000).ListItem.Property(submenuVisibility),filme)</visible>
			<property name="isSubmenu">True</property>
		</item>
		<item id="4">
			<property name="id">$NUMBER[4]</property>
			<property name="mainmenuid">2</property>
			<label>$LOCALIZE[20434]</label>
			<label2 />
			<icon>special://skin/extras/icons/DefaultAddSource.png</icon>
			<thumb />
			<visible>[Library.HasContent(MovieSets)] + String.IsEqual(Container(9000).ListItem.Property(submenuVisibility),filme)</visible>
			<onclick>ActivateWindow(Videos,videodb://movies/sets/,return)</onclick>
			<property name="path">ActivateWindow(Videos,videodb://movies/sets/,return)</property>
			<visible>String.IsEqual(System.ProfileName,Master user)</visible>
			<property name="isSubmenu">True</property>
		</item>
		<item id="5">
			<property name="id">$NUMBER[5]</property>
			<property name="mainmenuid">2</property>
			<label>$LOCALIZE[135]</label>
			<label2 />
			<icon>special://skin/extras/icons/DefaultAddSource.png</icon>
			<thumb />
			<onclick condition="Library.HasContent(Movies)">ActivateWindow(Videos,videodb://movies/genres/,return)</onclick>
			<property name="path">ActivateWindow(Videos,videodb://movies/genres/,return)</property>
			<onclick condition="![Library.HasContent(Movies)]">ActivateWindow(videos,files,return)</onclick>
			<visible>[String.IsEqual(System.ProfileName,Master user)] + String.IsEqual(Container(9000).ListItem.Property(submenuVisibility),filme)</visible>
			<property name="isSubmenu">True</property>
		</item>
		<item id="6">
			<property name="id">$NUMBER[6]</property>
			<property name="mainmenuid">2</property>
			<label>$LOCALIZE[652]</label>
			<label2 />
			<icon>special://skin/extras/icons/DefaultAddSource.png</icon>
			<thumb />
			<onclick condition="Library.HasContent(Movies)">ActivateWindow(Videos,videodb://movies/years/,return)</onclick>
			<property name="path">ActivateWindow(Videos,videodb://movies/years/,return)</property>
			<onclick condition="![Library.HasContent(Movies)]">ActivateWindow(videos,files,return)</onclick>
			<visible>[String.IsEqual(System.ProfileName,Master user)] + String.IsEqual(Container(9000).ListItem.Property(submenuVisibility),filme)</visible>
			<property name="isSubmenu">True</property>
		</item>
		<item id="7">
			<property name="id">$NUMBER[7]</property>
			<property name="mainmenuid">2</property>
			<label>$LOCALIZE[344]</label>
			<label2 />
			<icon>special://skin/extras/icons/DefaultAddSource.png</icon>
			<thumb />
			<onclick condition="Library.HasContent(Movies)">ActivateWindow(Videos,videodb://movies/actors/,return)</onclick>
			<property name="path">ActivateWindow(Videos,videodb://movies/actors/,return)</property>
			<onclick condition="![Library.HasContent(Movies)]">ActivateWindow(videos,files,return)</onclick>
			<visible>[String.IsEqual(System.ProfileName,Master user)] + String.IsEqual(Container(9000).ListItem.Property(submenuVisibility),filme)</visible>
			<property name="isSubmenu">True</property>
		</item>
		<item id="8">
			<property name="id">$NUMBER[8]</property>
			<property name="mainmenuid">2</property>
			<label>$LOCALIZE[20459]</label>
			<label2 />
			<icon>special://skin/extras/icons/DefaultAddSource.png</icon>
			<thumb />
			<onclick condition="Library.HasContent(Movies)">ActivateWindow(Videos,videodb://movies/tags/,return)</onclick>
			<property name="path">ActivateWindow(Videos,videodb://movies/tags/,return)</property>
			<onclick condition="![Library.HasContent(Movies)]">ActivateWindow(videos,files,return)</onclick>
			<visible>[String.IsEqual(System.ProfileName,Master user)] + String.IsEqual(Container(9000).ListItem.Property(submenuVisibility),filme)</visible>
			<property name="isSubmenu">True</property>
		</item>
		<item id="1">
			<property name="id">$NUMBER[1]</property>
			<property name="mainmenuid">3</property>
			<label>Filme suche</label>
			<label2>Video Add-On</label2>
			<icon>special://skin/extras/icons/DefaultAddSource.png</icon>
			<thumb>image://C%3a%5cKodi%5cKodi%2018%5cKodi%20grund%20Exodus%20test%5cportable_data%5caddons%5cscript.lastship.artwork%5cresources%5cmedia%5cLastship%5csearch.png/</thumb>
			<property name="translatedPath">ActivateWindow(Videos,"plugin://plugin.video.lastship/?action=movieSearch",return)</property>
			<onclick>ActivateWindow(Videos,"plugin://plugin.video.lastship/?action=movieSearch",return)</onclick>
			<property name="path">ActivateWindow(Videos,"plugin://plugin.video.lastship/?action=movieSearch",return)</property>
			<visible>[String.IsEqual(System.ProfileName,Master user)] + String.IsEqual(Container(9000).ListItem.Property(submenuVisibility),plugin-video-lastship)</visible>
			<property name="isSubmenu">True</property>
		</item>
		<item id="2">
			<property name="id">$NUMBER[2]</property>
			<property name="mainmenuid">3</property>
			<label>xStream</label>
			<label2>Video Add-On</label2>
			<icon>special://skin/extras/icons/DefaultAddSource.png</icon>
			<thumb>image://C%3a%5cKodi%5cKodi%2018%5cKodi%20grund%20Exodus%20test%5cportable_data%5caddons%5cplugin.video.xstream%5cicon.png/</thumb>
			<property name="translatedPath">ActivateWindow(Videos,"plugin://plugin.video.xstream",return)</property>
			<onclick>ActivateWindow(Videos,"plugin://plugin.video.xstream",return)</onclick>
			<property name="path">ActivateWindow(Videos,"plugin://plugin.video.xstream",return)</property>
			<visible>[String.IsEqual(System.ProfileName,Master user)] + String.IsEqual(Container(9000).ListItem.Property(submenuVisibility),plugin-video-lastship)</visible>
			<property name="isSubmenu">True</property>
		</item>
		<item id="3">
			<property name="id">$NUMBER[3]</property>
			<property name="mainmenuid">3</property>
			<label>Exodus</label>
			<label2>Video Add-On</label2>
			<icon>special://skin/extras/icons/DefaultAddSource.png</icon>
			<thumb>image://C%3a%5cKodi%5cKodi%2018%5cKodi%20grund%20Exodus%20test%5cportable_data%5caddons%5cscript.exodus.artwork%5cresources%5cmedia%5cexodus%5cmovies.png/</thumb>
			<property name="translatedPath">ActivateWindow(Videos,"plugin://plugin.video.exodus/?action=movieNavigator",return)</property>
			<onclick>ActivateWindow(Videos,"plugin://plugin.video.exodus/?action=movieNavigator",return)</onclick>
			<property name="path">ActivateWindow(Videos,"plugin://plugin.video.exodus/?action=movieNavigator",return)</property>
			<visible>[String.IsEqual(System.ProfileName,Master user)] + String.IsEqual(Container(9000).ListItem.Property(submenuVisibility),plugin-video-lastship)</visible>
			<property name="isSubmenu">True</property>
		</item>
		<item id="1">
			<property name="id">$NUMBER[1]</property>
			<property name="mainmenuid">4</property>
			<label>$LOCALIZE[4]</label>
			<label2 />
			<icon>special://skin/extras/icons/DefaultAddSource.png</icon>
			<thumb />
			<visible>[System.HasAddon(script.tv.show.next.aired)] + String.IsEqual(Container(9000).ListItem.Property(submenuVisibility),tvshows)</visible>
			<onclick>RunAddon(script.tv.show.next.aired,return)</onclick>
			<property name="path">RunAddon(script.tv.show.next.aired,return)</property>
			<visible>String.IsEqual(System.ProfileName,Master user)</visible>
			<property name="isSubmenu">True</property>
		</item>
		<item id="2">
			<property name="id">$NUMBER[2]</property>
			<property name="mainmenuid">4</property>
			<label>$LOCALIZE[575]</label>
			<label2 />
			<icon>special://skin/extras/icons/DefaultAddSource.png</icon>
			<thumb />
			<onclick>ActivateWindow(Videos,videodb://inprogresstvshows/,return)</onclick>
			<property name="path">ActivateWindow(Videos,videodb://inprogresstvshows/,return)</property>
			<visible>[String.IsEqual(System.ProfileName,Master user)] + String.IsEqual(Container(9000).ListItem.Property(submenuVisibility),tvshows)</visible>
			<property name="isSubmenu">True</property>
		</item>
		<item id="3">
			<property name="id">$NUMBER[3]</property>
			<property name="mainmenuid">4</property>
			<label>$LOCALIZE[31328]</label>
			<label2 />
			<icon>special://skin/extras/icons/DefaultAddSource.png</icon>
			<thumb />
			<onclick>ActivateWindow(Videos,videodb://recentlyaddedepisodes/,return)</onclick>
			<property name="path">ActivateWindow(Videos,videodb://recentlyaddedepisodes/,return)</property>
			<visible>[String.IsEqual(System.ProfileName,Master user)] + String.IsEqual(Container(9000).ListItem.Property(submenuVisibility),tvshows)</visible>
			<property name="isSubmenu">True</property>
		</item>
		<item id="4">
			<property name="id">$NUMBER[4]</property>
			<property name="mainmenuid">4</property>
			<label>$LOCALIZE[135]</label>
			<label2 />
			<icon>special://skin/extras/icons/DefaultAddSource.png</icon>
			<thumb />
			<onclick condition="Library.HasContent(TVShows)">ActivateWindow(Videos,videodb://tvshows/genres/,return)</onclick>
			<property name="path">ActivateWindow(Videos,videodb://tvshows/genres/,return)</property>
			<onclick condition="![Library.HasContent(TVShows)]">ActivateWindow(videos,files,return)</onclick>
			<visible>[String.IsEqual(System.ProfileName,Master user)] + String.IsEqual(Container(9000).ListItem.Property(submenuVisibility),tvshows)</visible>
			<property name="isSubmenu">True</property>
		</item>
		<item id="5">
			<property name="id">$NUMBER[5]</property>
			<property name="mainmenuid">4</property>
			<label>$LOCALIZE[652]</label>
			<label2 />
			<icon>special://skin/extras/icons/DefaultAddSource.png</icon>
			<thumb />
			<onclick condition="Library.HasContent(TVShows)">ActivateWindow(Videos,videodb://tvshows/years/,return)</onclick>
			<property name="path">ActivateWindow(Videos,videodb://tvshows/years/,return)</property>
			<onclick condition="![Library.HasContent(TVShows)]">ActivateWindow(videos,files,return)</onclick>
			<visible>[String.IsEqual(System.ProfileName,Master user)] + String.IsEqual(Container(9000).ListItem.Property(submenuVisibility),tvshows)</visible>
			<property name="isSubmenu">True</property>
		</item>
		<item id="6">
			<property name="id">$NUMBER[6]</property>
			<property name="mainmenuid">4</property>
			<label>$LOCALIZE[344]</label>
			<label2 />
			<icon>special://skin/extras/icons/DefaultAddSource.png</icon>
			<thumb />
			<onclick condition="Library.HasContent(TVShows)">ActivateWindow(Videos,videodb://tvshows/actors/,return)</onclick>
			<property name="path">ActivateWindow(Videos,videodb://tvshows/actors/,return)</property>
			<onclick condition="![Library.HasContent(TVShows)]">ActivateWindow(videos,files,return)</onclick>
			<visible>[String.IsEqual(System.ProfileName,Master user)] + String.IsEqual(Container(9000).ListItem.Property(submenuVisibility),tvshows)</visible>
			<property name="isSubmenu">True</property>
		</item>
		<item id="1">
			<property name="id">$NUMBER[1]</property>
			<property name="mainmenuid">5</property>
			<label>Serien Suche</label>
			<label2>Video Add-On</label2>
			<icon>special://skin/extras/icons/DefaultAddSource.png</icon>
			<thumb>image://C%3a%5cKodi%5cKodi%2018%5cKodi%20grund%20Exodus%20test%5cportable_data%5caddons%5cscript.lastship.artwork%5cresources%5cmedia%5cLastship%5csearch.png/</thumb>
			<property name="translatedPath">ActivateWindow(Videos,"plugin://plugin.video.lastship/?action=tvSearch",return)</property>
			<onclick>ActivateWindow(Videos,"plugin://plugin.video.lastship/?action=tvSearch",return)</onclick>
			<property name="path">ActivateWindow(Videos,"plugin://plugin.video.lastship/?action=tvSearch",return)</property>
			<visible>[String.IsEqual(System.ProfileName,Master user)] + String.IsEqual(Container(9000).ListItem.Property(submenuVisibility),lastshipserien)</visible>
			<property name="isSubmenu">True</property>
		</item>
		<item id="2">
			<property name="id">$NUMBER[2]</property>
			<property name="mainmenuid">5</property>
			<label>xStream</label>
			<label2>Video Add-On</label2>
			<icon>special://skin/extras/icons/DefaultAddSource.png</icon>
			<thumb>image://C%3a%5cKodi%5cKodi%2018%5cKodi%20grund%20Exodus%20test%5cportable_data%5caddons%5cplugin.video.xstream%5cicon.png/</thumb>
			<property name="translatedPath">ActivateWindow(Videos,"plugin://plugin.video.xstream",return)</property>
			<onclick>ActivateWindow(Videos,"plugin://plugin.video.xstream",return)</onclick>
			<property name="path">ActivateWindow(Videos,"plugin://plugin.video.xstream",return)</property>
			<visible>[String.IsEqual(System.ProfileName,Master user)] + String.IsEqual(Container(9000).ListItem.Property(submenuVisibility),lastshipserien)</visible>
			<property name="isSubmenu">True</property>
		</item>
		<item id="3">
			<property name="id">$NUMBER[3]</property>
			<property name="mainmenuid">5</property>
			<label>Exodus</label>
			<label2>Video Add-On</label2>
			<icon>special://skin/extras/icons/DefaultAddSource.png</icon>
			<thumb>image://C%3a%5cKodi%5cKodi%2018%5cKodi%20grund%20Exodus%20test%5cportable_data%5caddons%5cscript.exodus.artwork%5cresources%5cmedia%5cexodus%5ctvshows.png/</thumb>
			<property name="translatedPath">ActivateWindow(Videos,"plugin://plugin.video.exodus/?action=tvNavigator",return)</property>
			<onclick>ActivateWindow(Videos,"plugin://plugin.video.exodus/?action=tvNavigator",return)</onclick>
			<property name="path">ActivateWindow(Videos,"plugin://plugin.video.exodus/?action=tvNavigator",return)</property>
			<visible>[String.IsEqual(System.ProfileName,Master user)] + String.IsEqual(Container(9000).ListItem.Property(submenuVisibility),lastshipserien)</visible>
			<property name="isSubmenu">True</property>
		</item>
		<item id="1">
			<property name="id">$NUMBER[1]</property>
			<property name="mainmenuid">7</property>
			<label>Mediathek</label>
			<label2>Video Add-On</label2>
			<icon>special://skin/extras/icons/DefaultAddSource.png</icon>
			<thumb>image://C%3a%5cKodi%5cKodi%2018%5cKodi%20grund%20Exodus%20test%5cportable_data%5caddons%5cplugin.video.mediathek%5cresources%5cicon.png/</thumb>
			<property name="translatedPath">ActivateWindow(Videos,"plugin://plugin.video.mediathek",return)</property>
			<onclick>ActivateWindow(Videos,"plugin://plugin.video.mediathek",return)</onclick>
			<property name="path">ActivateWindow(Videos,"plugin://plugin.video.mediathek",return)</property>
			<visible>[String.IsEqual(System.ProfileName,Master user)] + String.IsEqual(Container(9000).ListItem.Property(submenuVisibility),theken)</visible>
			<property name="isSubmenu">True</property>
		</item>
		<item id="2">
			<property name="id">$NUMBER[2]</property>
			<property name="mainmenuid">7</property>
			<label>Ö Theke</label>
			<label2>Video Add-On</label2>
			<icon>special://skin/extras/icons/DefaultAddSource.png</icon>
			<thumb>image://C%3a%5cstorm%5cStorm%5cportable_data%5caddons%5cplugin.video.zappntv%5cresources%5cicon.png/</thumb>
			<property name="translatedPath">ActivateWindow(Videos,"plugin://plugin.video.zappntv",return)</property>
			<onclick>ActivateWindow(Videos,"plugin://plugin.video.zappntv",return)</onclick>
			<property name="path">ActivateWindow(Videos,"plugin://plugin.video.zappntv",return)</property>
			<visible>[String.IsEqual(System.ProfileName,Master user)] + String.IsEqual(Container(9000).ListItem.Property(submenuVisibility),theken)</visible>
			<property name="isSubmenu">True</property>
		</item>
		<item id="3">
			<property name="id">$NUMBER[3]</property>
			<property name="mainmenuid">7</property>
			<label>DMAX Mediathek</label>
			<label2>Video Add-On</label2>
			<icon>special://skin/extras/icons/DefaultAddSource.png</icon>
			<thumb>image://C%3a%5cKodi%5cKodi%2018%5cKodi%20grund%20Exodus%20test%5cportable_data%5caddons%5cplugin.video.L0RE.dmax%5cicon.png/</thumb>
			<property name="translatedPath">ActivateWindow(Videos,"plugin://plugin.video.L0RE.dmax",return)</property>
			<onclick>ActivateWindow(Videos,"plugin://plugin.video.L0RE.dmax",return)</onclick>
			<property name="path">ActivateWindow(Videos,"plugin://plugin.video.L0RE.dmax",return)</property>
			<visible>[String.IsEqual(System.ProfileName,Master user)] + String.IsEqual(Container(9000).ListItem.Property(submenuVisibility),theken)</visible>
			<property name="isSubmenu">True</property>
		</item>
		<item id="4">
			<property name="id">$NUMBER[4]</property>
			<property name="mainmenuid">7</property>
			<label>ORF TVthek</label>
			<label2>Video Add-On</label2>
			<icon>special://skin/extras/icons/DefaultAddSource.png</icon>
			<thumb>image://C%3a%5cKodi%5cKodi%2018%5cKodi%20grund%20Exodus%20test%5cportable_data%5caddons%5cplugin.video.orftvthek%5cicon.png/</thumb>
			<property name="translatedPath">ActivateWindow(Videos,"plugin://plugin.video.orftvthek",return)</property>
			<onclick>ActivateWindow(Videos,"plugin://plugin.video.orftvthek",return)</onclick>
			<property name="path">ActivateWindow(Videos,"plugin://plugin.video.orftvthek",return)</property>
			<visible>[String.IsEqual(System.ProfileName,Master user)] + String.IsEqual(Container(9000).ListItem.Property(submenuVisibility),theken)</visible>
			<property name="isSubmenu">True</property>
		</item>
		<item id="5">
			<property name="id">$NUMBER[5]</property>
			<property name="mainmenuid">7</property>
			<label>TV Now</label>
			<label2>Video Add-On</label2>
			<icon>special://skin/extras/icons/DefaultAddSource.png</icon>
			<thumb>image://C%3a%5cKodi%5cKodi%2018%5cKodi%20grund%20Exodus%20test%5cportable_data%5caddons%5cplugin.video.rtlnow%5cicon.png/</thumb>
			<property name="translatedPath">ActivateWindow(Videos,"plugin://plugin.video.rtlnow",return)</property>
			<onclick>ActivateWindow(Videos,"plugin://plugin.video.rtlnow",return)</onclick>
			<property name="path">ActivateWindow(Videos,"plugin://plugin.video.rtlnow",return)</property>
			<visible>[String.IsEqual(System.ProfileName,Master user)] + String.IsEqual(Container(9000).ListItem.Property(submenuVisibility),theken)</visible>
			<property name="isSubmenu">True</property>
		</item>
		<item id="1">
			<property name="id">$NUMBER[1]</property>
			<property name="mainmenuid">8</property>
			<label>Live TV Serbia</label>
			<label2>Video Add-On</label2>
			<icon>special://skin/extras/icons/DefaultAddSource.png</icon>
			<thumb>image://C%3a%5cKodi%5cKodi%2018%5cKodi%20grund%20Exodus%20test%5cportable_data%5caddons%5cplugin.video.livetvSerbia%5cicon.png/</thumb>
			<property name="translatedPath">ActivateWindow(Videos,"plugin://plugin.video.livetvSerbia",return)</property>
			<onclick>ActivateWindow(Videos,"plugin://plugin.video.livetvSerbia",return)</onclick>
			<property name="path">ActivateWindow(Videos,"plugin://plugin.video.livetvSerbia",return)</property>
			<visible>[String.IsEqual(System.ProfileName,Master user)] + String.IsEqual(Container(9000).ListItem.Property(submenuVisibility),livetv)</visible>
			<property name="isSubmenu">True</property>
		</item>
		<item id="2">
			<property name="id">$NUMBER[2]</property>
			<property name="mainmenuid">8</property>
			<label>[COLOR orangered]Phoenix Reborn[/COLOR] [COLOR white]Free Tv List Addon[/COLOR]</label>
			<label2>Video Add-On</label2>
			<icon>special://skin/extras/icons/DefaultAddSource.png</icon>
			<thumb>image://C%3a%5cstorm%5cStorm%5cportable_data%5caddons%5cplugin.video.phoenixreborn%5cicon.png/</thumb>
			<property name="translatedPath">ActivateWindow(Videos,"plugin://plugin.video.phoenixreborn",return)</property>
			<onclick>ActivateWindow(Videos,"plugin://plugin.video.phoenixreborn",return)</onclick>
			<property name="path">ActivateWindow(Videos,"plugin://plugin.video.phoenixreborn",return)</property>
			<visible>[String.IsEqual(System.ProfileName,Master user)] + String.IsEqual(Container(9000).ListItem.Property(submenuVisibility),livetv)</visible>
			<property name="isSubmenu">True</property>
		</item>
		<item id="1">
			<property name="id">$NUMBER[1]</property>
			<property name="mainmenuid">9</property>
			<label>$LOCALIZE[1038]</label>
			<label2 />
			<icon>special://skin/extras/icons/DefaultAddSource.png</icon>
			<thumb />
			<onclick>ActivateWindow(Music,Addons,return)</onclick>
			<property name="path">ActivateWindow(Music,Addons,return)</property>
			<visible>[String.IsEqual(System.ProfileName,Master user)] + String.IsEqual(Container(9000).ListItem.Property(submenuVisibility),num-31957)</visible>
			<property name="isSubmenu">True</property>
		</item>
		<item id="2">
			<property name="id">$NUMBER[2]</property>
			<property name="mainmenuid">9</property>
			<label>$LOCALIZE[1037]</label>
			<label2 />
			<icon>special://skin/extras/icons/DefaultAddSource.png</icon>
			<thumb />
			<onclick>ActivateWindow(Videos,Addons,return)</onclick>
			<property name="path">ActivateWindow(Videos,Addons,return)</property>
			<visible>[String.IsEqual(System.ProfileName,Master user)] + String.IsEqual(Container(9000).ListItem.Property(submenuVisibility),num-31957)</visible>
			<property name="isSubmenu">True</property>
		</item>
		<item id="3">
			<property name="id">$NUMBER[3]</property>
			<property name="mainmenuid">9</property>
			<label>$LOCALIZE[10040]</label>
			<label2 />
			<icon>special://skin/extras/icons/DefaultAddSource.png</icon>
			<thumb />
			<onclick>ActivateWindow(Addonbrowser)</onclick>
			<property name="path">ActivateWindow(Addonbrowser)</property>
			<visible>[String.IsEqual(System.ProfileName,Master user)] + String.IsEqual(Container(9000).ListItem.Property(submenuVisibility),num-31957)</visible>
			<property name="isSubmenu">True</property>
		</item>
		<item id="4">
			<property name="id">$NUMBER[4]</property>
			<property name="mainmenuid">9</property>
			<label>$LOCALIZE[1043]</label>
			<label2 />
			<icon>special://skin/extras/icons/DefaultAddSource.png</icon>
			<thumb />
			<onclick>ActivateWindow(Programs,Addons,return)</onclick>
			<property name="path">ActivateWindow(Programs,Addons,return)</property>
			<visible>[String.IsEqual(System.ProfileName,Master user)] + String.IsEqual(Container(9000).ListItem.Property(submenuVisibility),num-31957)</visible>
			<property name="isSubmenu">True</property>
		</item>
		<item id="5">
			<property name="id">$NUMBER[5]</property>
			<property name="mainmenuid">9</property>
			<label>$LOCALIZE[1039]</label>
			<label2 />
			<icon>special://skin/extras/icons/DefaultAddSource.png</icon>
			<thumb />
			<onclick>ActivateWindow(Pictures,Addons,return)</onclick>
			<property name="path">ActivateWindow(Pictures,Addons,return)</property>
			<visible>[String.IsEqual(System.ProfileName,Master user)] + String.IsEqual(Container(9000).ListItem.Property(submenuVisibility),num-31957)</visible>
			<property name="isSubmenu">True</property>
		</item>
		<item id="1">
			<property name="id">$NUMBER[1]</property>
			<property name="mainmenuid">10</property>
			<label>$LOCALIZE[130]</label>
			<label2 />
			<icon>special://skin/extras/icons/DefaultAddSource.png</icon>
			<thumb />
			<onclick>ActivateWindow(SystemInfo)</onclick>
			<property name="path">ActivateWindow(SystemInfo)</property>
			<visible>[String.IsEqual(System.ProfileName,Master user)] + String.IsEqual(Container(9000).ListItem.Property(submenuVisibility),num-13000)</visible>
			<property name="isSubmenu">True</property>
		</item>
		<item id="2">
			<property name="id">$NUMBER[2]</property>
			<property name="mainmenuid">10</property>
			<label>[B][COLOR blue]Storm[/B][/COLOR] [COLOR white]Wizard[/COLOR]</label>
			<label2>Programm</label2>
			<icon>special://skin/extras/icons/DefaultAddSource.png</icon>
			<thumb>image://C%3a%5cstorm%5cStorm%5cportable_data%5caddons%5cplugin.program.stormwizard%5cicon.png/</thumb>
			<property name="translatedPath">ActivateWindow(Programs,"plugin://plugin.program.stormwizard",return)</property>
			<onclick>ActivateWindow(Programs,"plugin://plugin.program.stormwizard",return)</onclick>
			<property name="path">ActivateWindow(Programs,"plugin://plugin.program.stormwizard",return)</property>
			<visible>[String.IsEqual(System.ProfileName,Master user)] + String.IsEqual(Container(9000).ListItem.Property(submenuVisibility),num-13000)</visible>
			<property name="isSubmenu">True</property>
		</item>
		<item id="3">
			<property name="id">$NUMBER[3]</property>
			<property name="mainmenuid">10</property>
			<label>$LOCALIZE[33060]</label>
			<label2 />
			<icon>special://skin/extras/icons/DefaultAddSource.png</icon>
			<thumb />
			<onclick>ActivateWindow(shutdownmenu)</onclick>
			<property name="path">ActivateWindow(shutdownmenu)</property>
			<visible>[String.IsEqual(System.ProfileName,Master user)] + String.IsEqual(Container(9000).ListItem.Property(submenuVisibility),num-13000)</visible>
			<property name="isSubmenu">True</property>
		</item>
		<item id="4">
			<property name="id">$NUMBER[4]</property>
			<property name="mainmenuid">10</property>
			<label>$LOCALIZE[20077]</label>
			<label2 />
			<icon>special://skin/extras/icons/DefaultAddSource.png</icon>
			<thumb />
			<onclick>ActivateWindow(SkinSettings)</onclick>
			<property name="path">ActivateWindow(SkinSettings)</property>
			<visible>[String.IsEqual(System.ProfileName,Master user)] + String.IsEqual(Container(9000).ListItem.Property(submenuVisibility),num-13000)</visible>
			<property name="isSubmenu">True</property>
		</item>
		<item id="5">
			<property name="id">$NUMBER[5]</property>
			<property name="mainmenuid">10</property>
			<label>$LOCALIZE[7]</label>
			<label2 />
			<icon>special://skin/extras/icons/DefaultAddSource.png</icon>
			<thumb />
			<onclick>ActivateWindow(FileManager)</onclick>
			<property name="path">ActivateWindow(FileManager)</property>
			<visible>[String.IsEqual(System.ProfileName,Master user)] + String.IsEqual(Container(9000).ListItem.Property(submenuVisibility),num-13000)</visible>
			<property name="isSubmenu">True</property>
		</item>
		<item id="6">
			<property name="id">$NUMBER[6]</property>
			<property name="mainmenuid">10</property>
			<label>$LOCALIZE[13200]</label>
			<label2 />
			<icon>special://skin/extras/icons/DefaultAddSource.png</icon>
			<thumb />
			<onclick>ActivateWindow(Profiles)</onclick>
			<property name="path">ActivateWindow(Profiles)</property>
			<visible>[String.IsEqual(System.ProfileName,Master user)] + String.IsEqual(Container(9000).ListItem.Property(submenuVisibility),num-13000)</visible>
			<property name="isSubmenu">True</property>
		</item>
		<item id="7">
			<property name="id">$NUMBER[7]</property>
			<property name="mainmenuid">10</property>
			<label>$LOCALIZE[31159]</label>
			<label2 />
			<icon>special://skin/extras/icons/DefaultAddSource.png</icon>
			<thumb />
			<visible>[system.getbool(eventlog.enabled)] + String.IsEqual(Container(9000).ListItem.Property(submenuVisibility),num-13000)</visible>
			<onclick>ActivateWindow(Eventlog)</onclick>
			<property name="path">ActivateWindow(Eventlog)</property>
			<visible>String.IsEqual(System.ProfileName,Master user)</visible>
			<property name="isSubmenu">True</property>
		</item>
		<item id="1">
			<property name="id">$NUMBER[1]</property>
			<property name="mainmenuid">12</property>
			<label>$LOCALIZE[31485]</label>
			<label2 />
			<icon>special://skin/extras/icons/DefaultAddSource.png</icon>
			<thumb />
			<onclick>EjectTray()</onclick>
			<property name="path">EjectTray()</property>
			<visible>[String.IsEqual(System.ProfileName,Master user)] + String.IsEqual(Container(9000).ListItem.Property(submenuVisibility),num-31958)</visible>
			<property name="isSubmenu">True</property>
		</item>
		<item id="2">
			<property name="id">$NUMBER[2]</property>
			<property name="mainmenuid">12</property>
			<label>$LOCALIZE[600]</label>
			<label2 />
			<icon>special://skin/extras/icons/DefaultAddSource.png</icon>
			<thumb />
			<visible>[System.HasMediaAudioCD] + String.IsEqual(Container(9000).ListItem.Property(submenuVisibility),num-31958)</visible>
			<onclick>RipCD</onclick>
			<property name="path">RipCD</property>
			<visible>String.IsEqual(System.ProfileName,Master user)</visible>
			<property name="isSubmenu">True</property>
		</item>
		<item id="1">
			<property name="id">$NUMBER[1]</property>
			<property name="mainmenuid">13</property>
			<label>$LOCALIZE[13016]</label>
			<label2 />
			<icon>special://skin/extras/icons/DefaultAddSource.png</icon>
			<thumb />
			<visible>[System.CanPowerDown] + String.IsEqual(Container(9000).ListItem.Property(submenuVisibility),num-33060)</visible>
			<onclick>Powerdown()</onclick>
			<property name="path">Powerdown()</property>
			<visible>String.IsEqual(System.ProfileName,Master user)</visible>
			<property name="isSubmenu">True</property>
		</item>
		<item id="2">
			<property name="id">$NUMBER[2]</property>
			<property name="mainmenuid">13</property>
			<label>$LOCALIZE[13013]</label>
			<label2 />
			<icon>special://skin/extras/icons/DefaultAddSource.png</icon>
			<thumb />
			<visible>[System.CanReboot] + String.IsEqual(Container(9000).ListItem.Property(submenuVisibility),num-33060)</visible>
			<onclick>Reset()</onclick>
			<property name="path">Reset()</property>
			<visible>String.IsEqual(System.ProfileName,Master user)</visible>
			<property name="isSubmenu">True</property>
		</item>
		<item id="3">
			<property name="id">$NUMBER[3]</property>
			<property name="mainmenuid">13</property>
			<label>$LOCALIZE[13011]</label>
			<label2 />
			<icon>special://skin/extras/icons/DefaultAddSource.png</icon>
			<thumb />
			<visible>[System.CanSuspend] + String.IsEqual(Container(9000).ListItem.Property(submenuVisibility),num-33060)</visible>
			<onclick>Suspend()</onclick>
			<property name="path">Suspend()</property>
			<visible>String.IsEqual(System.ProfileName,Master user)</visible>
			<property name="isSubmenu">True</property>
		</item>
		<item id="4">
			<property name="id">$NUMBER[4]</property>
			<property name="mainmenuid">13</property>
			<label>$LOCALIZE[13010]</label>
			<label2 />
			<icon>special://skin/extras/icons/DefaultAddSource.png</icon>
			<thumb />
			<visible>[System.CanHibernate] + String.IsEqual(Container(9000).ListItem.Property(submenuVisibility),num-33060)</visible>
			<onclick>Hibernate()</onclick>
			<property name="path">Hibernate()</property>
			<visible>String.IsEqual(System.ProfileName,Master user)</visible>
			<property name="isSubmenu">True</property>
		</item>
		<item id="5">
			<property name="id">$NUMBER[5]</property>
			<property name="mainmenuid">13</property>
			<label>$LOCALIZE[20126]</label>
			<label2 />
			<icon>special://skin/extras/icons/DefaultAddSource.png</icon>
			<thumb />
			<visible>[[System.HasLoginScreen | IntegerGreaterThan(System.ProfileCount,1)] + System.Loggedon] + String.IsEqual(Container(9000).ListItem.Property(submenuVisibility),num-33060)</visible>
			<onclick>System.LogOff</onclick>
			<property name="path">System.LogOff</property>
			<visible>String.IsEqual(System.ProfileName,Master user)</visible>
			<property name="isSubmenu">True</property>
		</item>
		<item id="6">
			<property name="id">$NUMBER[6]</property>
			<property name="mainmenuid">13</property>
			<label>$LOCALIZE[13009]</label>
			<label2 />
			<icon>special://skin/extras/icons/DefaultAddSource.png</icon>
			<thumb />
			<visible>[System.ShowExitButton] + String.IsEqual(Container(9000).ListItem.Property(submenuVisibility),num-33060)</visible>
			<onclick>Quit()</onclick>
			<property name="path">Quit()</property>
			<visible>String.IsEqual(System.ProfileName,Master user)</visible>
			<property name="isSubmenu">True</property>
		</item>
	</include>
	<include />
	<include name="skinshortcuts-submenu-1" />
	<include />
	<include name="skinshortcuts-submenu-2" />
	<include name="skinshortcuts-template-widget1">
		<include condition="String.IsEqual(System.ProfileName,Master user)">skinshortcuts-template-widget1-Master user</include>
	</include>
	<include name="skinshortcuts-template-widget1-Master user">
		<control type="group">
			<visible>String.IsEqual(Container(9000).ListItem.Property(submenuVisibility),plugin-video-lastship)</visible>
			<control type="group">
				<visible>Integer.IsGreater(Container(80113).NumItems,0)</visible>
				<control type="group">
					<visible>Control.HasFocus(80113)</visible>
					<animation condition="!String.IsEqual(Skin.String(MainMenu.Layout),vertical) + Skin.HasSetting(centermainmenu)" effect="slide" end="0,950">Conditional</animation>
					<animation condition="String.IsEqual(Skin.String(MainMenu.Layout),vertical)" effect="slide" end="0,677">Conditional</animation>
					<top>90</top>
					<left>40</left>
					<control type="group">
						<animation effect="fade" end="0">WindowClose</animation>
						<control type="image">
							<top>-40</top>
							<width>1890</width>
							<height>391</height>
							<texture colordiffuse="BFFFFFFF">homewidgets/list_shadow.png</texture>
						</control>
						<control type="group">
							<include condition="!false">InfoPosterContent</include>
							<include condition="!false" content="InfoTextContent">
								<param name="left">225</param>
								<param name="width">1605</param>
							</include>
						</control>
						<control type="group">
							<include condition="false">InfoSquareContent</include>
							<include condition="false" content="InfoTextContent">
								<param name="left">330</param>
								<param name="width">1500</param>
							</include>
						</control>
					</control>
				</control>
				<control type="group">
					<top>424</top>
					<control type="group">
						<include condition="!String.IsEmpty(Skin.String(Widget.Trans))">HomeWidgetFade</include>
						<centerleft>50%</centerleft>
						<top>-21</top>
						<width>1882.5</width>
						<height>342</height>
						<control type="image">
							<width>1882.5</width>
							<height>342</height>
							<texture border="40" colordiffuse="$VAR[HomeWidgetBackColor]">$VAR[HomeWidgetBackgroundVar]</texture>
							<visible>Skin.HasSetting(Enable.GlobalWidgetBack)</visible>
						</control>
						<control type="image">
							<width>1882.5</width>
							<height>342</height>
							<texture border="40" colordiffuse="FF0B0B0B">homewidgets/bg_default.png</texture>
							<visible>!Skin.HasSetting(Enable.GlobalWidgetBack)</visible>
						</control>
					</control>
					<include content="PanelLabel">
						<param name="id">80113</param>
						<param name="Label">Super Favourites - Filme</param>
						<param name="Title">$VAR[HomeWidgetInfoTitleVar]</param>
						<param name="labelFont">font13_title</param>
						<param name="labelBottom">318</param>
						<param name="labelWidth">922</param>
						<param name="labelLeft">38</param>
						<param name="labelRight">959</param>
						<param name="labelTitle">false</param>
					</include>
				</control>
			</control>
			<control type="group">
				<top>424</top>
				<control id="80113" type="panel">
					<left>37.5</left>
					<width>1845</width>
					<height>300</height>
					<orientation>horizontal</orientation>
					<preloaditems>2</preloaditems>
					<scrolltime easing="out" tween="quadratic">300</scrolltime>
					<include>skinshortcuts-template-HorizontalNavigation1</include>
					<onfocus condition="System.HasAddon(script.skin.helper.service)">SetProperty(SkinHelper.WidgetContainer,80113)</onfocus>
					<onunfocus condition="System.HasAddon(script.skin.helper.service)">SetProperty(SkinHelper.WidgetContainer,Home)</onunfocus>
					<include content="PortraitArt">
						<param name="containerWidth">205</param>
						<param name="containerHeight">300</param>
						<param name="Texture">$VAR[PosterThumbVar]</param>
						<param name="leftArt">7.5</param>
						<param name="topArt">6</param>
						<param name="widthArt">190</param>
						<param name="heightArt">288</param>
						<param name="topFakeDiscArt">6</param>
						<param name="leftCase">2.5</param>
						<param name="topCase">0</param>
						<param name="widthCase">200</param>
						<param name="heightCase">300</param>
						<param name="labelHeight">-34</param>
						<param name="labelFont">Font_12</param>
						<param name="fallbackFont">fontCDalbum</param>
						<param name="fallbackVisible">false</param>
						<param name="Aspect">stretch</param>
						<param name="Aligny">top</param>
						<param name="Diffuse" />
						<param name="Case">homewidgets/cases/glass/portrait.png</param>
						<param name="labelVisible">false</param>
						<param name="labelFocusVisible">false</param>
						<param name="isWeather">false</param>
						<param name="weatherTop" />
						<param name="weatherHeight" />
						<param name="weatherTop1" />
						<param name="weatherTop2" />
						<param name="weatherTop3" />
						<param name="weatherFont">font14</param>
					</include>
					<content sortby="" sortorder="" target="videos">plugin://plugin.program.super.favourites/?label=Filme&amp;mode=400&amp;path=special%3A%2F%2Fuserdata%2FSuper+Fav%5CSuper+Favourites%5CFilme&amp;image=special%3A%2F%2Fhome%2Faddons%5Cplugin.video.exodus%5Cicon.png&amp;fanart=special%3A%2F%2Fhome%2Faddons%5Cscript.exodus.artwork%5Cresources%5Cmedia%5Cexodus%5Cfanart.jpg&amp;content_type=&amp;reload=$INFO[Window(Home).Property(widgetreload)]$INFO[Window(Home).Property(widgetreload2)]</content>
				</control>
			</control>
		</control>
		<control type="group">
			<visible>String.IsEqual(Container(9000).ListItem.Property(submenuVisibility),lastshipserien)</visible>
			<top>449</top>
			<left>40</left>
			<control type="group">
				<visible>Integer.IsGreater(Container(80115).NumItems,0)</visible>
				<control type="group">
					<visible>ControlGroup(90010).HasFocus</visible>
					<animation condition="String.IsEqual(Skin.String(MainMenu.Layout),vertical) + String.Contains(Container(9000).ListItem.Property(widgetStyle),Extended) + ControlGroup(90010).HasFocus" easing="inout" effect="slide" end="-410,0" time="320" tween="cubic">Conditional</animation>
					<control type="group">
						<animation effect="fade" end="0">WindowClose</animation>
						<control type="image">
							<top>-40</top>
							<width>1890</width>
							<height>391</height>
							<texture colordiffuse="BFFFFFFF">homewidgets/list_shadow.png</texture>
						</control>
						<control type="group">
							<include condition="!false">InfoPosterContent</include>
							<include condition="!false" content="InfoTextContent">
								<param name="left">226</param>
								<param name="width">1289</param>
							</include>
						</control>
						<control type="group">
							<include condition="false">InfoSquareContent</include>
							<include condition="false" content="InfoTextContent">
								<param name="left">330</param>
								<param name="width">1184</param>
							</include>
						</control>
					</control>
				</control>
				<control type="group">
					<left>1540</left>
					<animation condition="String.IsEqual(Skin.String(MainMenu.Layout),vertical) + String.Contains(Container(9000).ListItem.Property(widgetStyle),Extended)" effect="slide" end="-410,0">Conditional</animation>
					<control type="group">
						<left>-21</left>
						<top>-16</top>
						<animation center="150" condition="Control.HasFocus(80115) + true" easing="inout" effect="rotatey" end="180" start="0" time="400" tween="sine">Conditional</animation>
						<include condition="!String.IsEmpty(Skin.String(Widget.Trans))">HomeWidgetFade</include>
						<control type="image">
							<width>342</width>
							<height>342</height>
							<visible>Skin.HasSetting(Enable.GlobalWidgetBack)</visible>
							<texture border="40" colordiffuse="$VAR[HomeWidgetBackColor]">$VAR[HomeWidgetBackgroundVar]</texture>
						</control>
						<control type="image">
							<width>342</width>
							<height>342</height>
							<visible>!Skin.HasSetting(Enable.GlobalWidgetBack)</visible>
							<texture border="40" colordiffuse="FF0B0B0B">homewidgets/bg_default.png</texture>
						</control>
					</control>
					<control type="group">
						<width>300</width>
						<height>300</height>
						<animation condition="Control.HasFocus(80115) + true" type="Conditional">
							<effect center="150" easing="inout" end="180" start="0" time="400" tween="sine" type="rotatey" />
							<effect easing="inout" end="0" start="100" time="300" tween="sine" type="fade" />
						</animation>
						<visible>String.IsEmpty(Container(80115).ListItem.Property(isSystemInfo))</visible>
						<control type="label">
							<width>300</width>
							<top>9</top>
							<height>20</height>
							<align>center</align>
							<font>font12_title</font>
							<textcolor>grey</textcolor>
							<shadowcolor>shadow</shadowcolor>
							<label>Super Favourites - Serien</label>
						</control>
						<control type="label">
							<width>300</width>
							<top>254</top>
							<height>40</height>
							<align>center</align>
							<font>font12_title</font>
							<textcolor>grey</textcolor>
							<shadowcolor>shadow</shadowcolor>
							<wrapmultiline>true</wrapmultiline>
							<label>$VAR[HomeWidget80115TitleVar]</label>
						</control>
						<include content="ListPortraitArt">
							<param name="id">80115</param>
							<param name="Texture">$VAR[HomeWidget80115PosterVar]</param>
							<param name="Title2">$VAR[HomeWidget80115Title2Var]</param>
							<param name="leftArt">87</param>
							<param name="topArt">44</param>
							<param name="widthArt">126</param>
							<param name="heightArt">192</param>
							<param name="topFakeDiscArt">44</param>
							<param name="leftCase">83</param>
							<param name="topCase">40</param>
							<param name="widthCase">134</param>
							<param name="heightCase">200</param>
							<param name="caseVisible">true</param>
							<param name="labelHeight" />
							<param name="fallbackFont">fontCDalbum</param>
							<param name="fallbackVisible">false</param>
							<param name="Aspect">stretch</param>
							<param name="Aligny">top</param>
							<param name="Diffuse" />
							<param name="Case">homewidgets/cases/glass/portrait.png</param>
						</include>
					</control>
				</control>
			</control>
			<control id="80115" type="list">
				<top>5</top>
				<left>1540</left>
				<width>300</width>
				<height>300</height>
				<onleft condition="!String.IsEqual(Skin.String(MainMenu.Layout),vertical) + [System.HasMediaDVD | Control.IsVisible(9027)]">9020</onleft>
				<onleft condition="!String.IsEqual(Skin.String(MainMenu.Layout),vertical) + ![System.HasMediaDVD | Control.IsVisible(9027)]">9000</onleft>
				<onright condition="!String.IsEqual(Skin.String(MainMenu.Layout),vertical) + !Skin.HasSetting(centermainmenu) + Control.IsVisible(90020)">90020</onright>
				<onright condition="!String.IsEqual(Skin.String(MainMenu.Layout),vertical) + !Skin.HasSetting(centermainmenu) + !Control.IsVisible(90020)">9000</onright>
				<onright condition="!String.IsEqual(Skin.String(MainMenu.Layout),vertical) + Skin.HasSetting(centermainmenu) + Control.IsVisible(90020)">90020</onright>
				<onright condition="!String.IsEqual(Skin.String(MainMenu.Layout),vertical) + Skin.HasSetting(centermainmenu) + !Control.IsVisible(90020)">9000</onright>
				<onleft condition="String.IsEqual(Skin.String(MainMenu.Layout),vertical)">9000</onleft>
				<onright condition="String.IsEqual(Skin.String(MainMenu.Layout),vertical) + Control.IsVisible(90020)">90020</onright>
				<onright condition="String.IsEqual(Skin.String(MainMenu.Layout),vertical) + !Control.IsVisible(90020) + [System.HasMediaDVD | Control.IsVisible(9027)]">9020</onright>
				<onright condition="String.IsEqual(Skin.String(MainMenu.Layout),vertical) + !Control.IsVisible(90020) + ![System.HasMediaDVD | Control.IsVisible(9027)]">9000</onright>
				<onback>9000</onback>
				<preloaditems>2</preloaditems>
				<scrolltime easing="out" tween="quadratic">300</scrolltime>
				<autoscroll delay="10000" repeat="10000" time="10000">Control.IsVisible(80115) + Skin.HasSetting(Enable.ListWidgetAutoscroll) + !Control.HasFocus(80115)</autoscroll>
				<animation condition="[!String.IsEqual(Skin.String(MainMenu.Layout),vertical) + !Control.HasFocus(80115) + true] | [String.IsEqual(Skin.String(MainMenu.Layout),vertical) + !String.Contains(Container(9000).ListItem.Property(widgetStyle),Extended) + !Control.HasFocus(80115) + true]" type="Conditional">
					<effect center="1690" easing="inout" end="-180" start="0" time="400" tween="sine" type="rotatey" />
					<effect easing="inout" end="0" start="100" time="300" tween="sine" type="fade" />
				</animation>
				<animation condition="String.IsEqual(Skin.String(MainMenu.Layout),vertical) + String.Contains(Container(9000).ListItem.Property(widgetStyle),Extended) + !Control.HasFocus(80115) + true" type="Conditional">
					<effect center="1280" easing="inout" end="-180" start="0" time="400" tween="sine" type="rotatey" />
					<effect easing="inout" end="0" start="100" time="300" tween="sine" type="fade" />
				</animation>
				<animation condition="String.IsEqual(Skin.String(MainMenu.Layout),vertical) + String.Contains(Container(9000).ListItem.Property(widgetStyle),Extended)" effect="slide" end="-410,0">Conditional</animation>
				<onfocus condition="System.HasAddon(script.skin.helper.service)">SetProperty(SkinHelper.WidgetContainer,80115)</onfocus>
				<onunfocus condition="System.HasAddon(script.skin.helper.service)">SetProperty(SkinHelper.WidgetContainer,Home)</onunfocus>
				<include content="List">
					<param name="id">80115</param>
					<param name="Texture">$VAR[HomeWidget80115PosterVar]</param>
					<param name="leftArt">3</param>
					<param name="topArt">5.5</param>
					<param name="widthArt">294</param>
					<param name="heightArt">50</param>
					<param name="leftCase">0</param>
					<param name="topCase">2.5</param>
					<param name="widthCase">300</param>
					<param name="heightCase">56</param>
					<param name="fallbackFont">fontCDalbum</param>
					<param name="Case">homewidgets/cases/glass/banner.png</param>
				</include>
				<content sortby="" sortorder="" target="videos">plugin://plugin.program.super.favourites/?label=Serien&amp;mode=400&amp;path=special%3A%2F%2Fuserdata%2FSuper+Fav%5CSuper+Favourites%5CSerien&amp;image=special%3A%2F%2Fhome%2Faddons%5Cplugin.video.xstream%5Cicon.png&amp;fanart=special%3A%2F%2Fhome%2Faddons%5Cplugin.video.xstream%5Cfanart.jpg&amp;content_type=&amp;reload=$INFO[Window(Home).Property(widgetreload)]$INFO[Window(Home).Property(widgetreload2)]</content>
			</control>
		</control>
	</include>
	<include name="skinshortcuts-template-widget2">
		<include condition="String.IsEqual(System.ProfileName,Master user)">skinshortcuts-template-widget2-Master user</include>
	</include>
	<include name="skinshortcuts-template-widget2-Master user">
		<control type="group">
			<visible>String.IsEqual(Container(9000).ListItem.Property(submenuVisibility),plugin-video-lastship)</visible>
			<control type="group">
				<visible>Integer.IsGreater(Container(80213).NumItems,0)</visible>
				<control type="group">
					<visible>Control.HasFocus(80213)</visible>
					<animation condition="!String.IsEqual(Skin.String(MainMenu.Layout),vertical) + Skin.HasSetting(centermainmenu)" effect="slide" end="0,-950">Conditional</animation>
					<animation condition="String.IsEqual(Skin.String(MainMenu.Layout),vertical)" effect="slide" end="0,-697">Conditional</animation>
					<top>449</top>
					<left>40</left>
					<control type="group">
						<animation effect="fade" end="0">WindowClose</animation>
						<control type="image">
							<top>-40</top>
							<width>1890</width>
							<height>391</height>
							<texture colordiffuse="BFFFFFFF">homewidgets/list_shadow.png</texture>
						</control>
						<control type="group">
							<include condition="!false">InfoPosterContent</include>
							<include condition="!false" content="InfoTextContent">
								<param name="left">225</param>
								<param name="width">1605</param>
							</include>
						</control>
						<control type="group">
							<include condition="false">InfoSquareContent</include>
							<include condition="false" content="InfoTextContent">
								<param name="left">330</param>
								<param name="width">1500</param>
							</include>
						</control>
					</control>
				</control>
				<control type="group">
					<animation condition="false" effect="slide" end="0,-20">Conditional</animation>
					<top>70</top>
					<control type="group">
						<include condition="!String.IsEmpty(Skin.String(Widget.Trans))">HomeWidgetFade</include>
						<centerleft>50%</centerleft>
						<top>-21</top>
						<width>1882.5</width>
						<height>342</height>
						<control type="image">
							<width>1882.5</width>
							<height>342</height>
							<texture border="40" colordiffuse="$VAR[HomeWidgetBackColor]">$VAR[HomeWidgetBackgroundVar]</texture>
							<visible>Skin.HasSetting(Enable.GlobalWidgetBack)</visible>
						</control>
						<control type="image">
							<width>1882.5</width>
							<height>342</height>
							<texture border="40" colordiffuse="FF0B0B0B">homewidgets/bg_default.png</texture>
							<visible>!Skin.HasSetting(Enable.GlobalWidgetBack)</visible>
						</control>
					</control>
					<include content="PanelLabel">
						<param name="id">80213</param>
						<param name="Label">Lastship - In den Kinos</param>
						<param name="Title">$VAR[HomeWidgetInfoTitleVar]</param>
						<param name="labelFont">font13_title</param>
						<param name="labelBottom">318</param>
						<param name="labelWidth">922</param>
						<param name="labelLeft">38</param>
						<param name="labelRight">959</param>
						<param name="labelTitle">false</param>
					</include>
				</control>
			</control>
			<control type="group">
				<animation condition="false" effect="slide" end="0,-20">Conditional</animation>
				<top>70</top>
				<control id="80213" type="panel">
					<left>37.5</left>
					<width>1845</width>
					<height>300</height>
					<orientation>horizontal</orientation>
					<preloaditems>2</preloaditems>
					<scrolltime easing="out" tween="quadratic">300</scrolltime>
					<include>skinshortcuts-template-HorizontalNavigation2</include>
					<onfocus condition="System.HasAddon(script.skin.helper.service)">SetProperty(SkinHelper.WidgetContainer,80213)</onfocus>
					<onunfocus condition="System.HasAddon(script.skin.helper.service)">SetProperty(SkinHelper.WidgetContainer,Home)</onunfocus>
					<include content="PortraitArt">
						<param name="containerWidth">205</param>
						<param name="containerHeight">300</param>
						<param name="Texture">$VAR[PosterThumbVar]</param>
						<param name="leftArt">7.5</param>
						<param name="topArt">6</param>
						<param name="widthArt">190</param>
						<param name="heightArt">288</param>
						<param name="topFakeDiscArt">6</param>
						<param name="leftCase">2.5</param>
						<param name="topCase">0</param>
						<param name="widthCase">200</param>
						<param name="heightCase">300</param>
						<param name="labelHeight">-34</param>
						<param name="labelFont">Font_12</param>
						<param name="fallbackFont">fontCDalbum</param>
						<param name="fallbackVisible">false</param>
						<param name="Aspect">stretch</param>
						<param name="Aligny">top</param>
						<param name="Diffuse" />
						<param name="Case">homewidgets/cases/glass/portrait.png</param>
						<param name="labelVisible">false</param>
						<param name="labelFocusVisible">false</param>
						<param name="isWeather">false</param>
						<param name="weatherTop" />
						<param name="weatherHeight" />
						<param name="weatherTop1" />
						<param name="weatherTop2" />
						<param name="weatherTop3" />
						<param name="weatherFont">font14</param>
					</include>
					<content sortby="" sortorder="" target="videos">plugin://plugin.video.lastship/?action=movies&amp;url=theaters&amp;reload=$INFO[Window(Home).Property(widgetreload-movies)]</content>
				</control>
			</control>
		</control>
		<control type="group">
			<visible>String.IsEqual(Container(9000).ListItem.Property(submenuVisibility),lastshipserien)</visible>
			<control type="group">
				<visible>Integer.IsGreater(Container(80215).NumItems,0)</visible>
				<control type="group">
					<visible>Control.HasFocus(80215)</visible>
					<animation condition="!String.IsEqual(Skin.String(MainMenu.Layout),vertical) + Skin.HasSetting(centermainmenu)" effect="slide" end="0,-950">Conditional</animation>
					<animation condition="String.IsEqual(Skin.String(MainMenu.Layout),vertical)" effect="slide" end="0,-697">Conditional</animation>
					<top>449</top>
					<left>40</left>
					<control type="group">
						<animation effect="fade" end="0">WindowClose</animation>
						<control type="image">
							<top>-40</top>
							<width>1890</width>
							<height>391</height>
							<texture colordiffuse="BFFFFFFF">homewidgets/list_shadow.png</texture>
						</control>
						<control type="group">
							<include condition="!false">InfoPosterContent</include>
							<include condition="!false" content="InfoTextContent">
								<param name="left">225</param>
								<param name="width">1605</param>
							</include>
						</control>
						<control type="group">
							<include condition="false">InfoSquareContent</include>
							<include condition="false" content="InfoTextContent">
								<param name="left">330</param>
								<param name="width">1500</param>
							</include>
						</control>
					</control>
				</control>
				<control type="group">
					<animation condition="false" effect="slide" end="0,-20">Conditional</animation>
					<top>70</top>
					<control type="group">
						<include condition="!String.IsEmpty(Skin.String(Widget.Trans))">HomeWidgetFade</include>
						<centerleft>50%</centerleft>
						<top>-21</top>
						<width>1882.5</width>
						<height>342</height>
						<control type="image">
							<width>1882.5</width>
							<height>342</height>
							<texture border="40" colordiffuse="$VAR[HomeWidgetBackColor]">$VAR[HomeWidgetBackgroundVar]</texture>
							<visible>Skin.HasSetting(Enable.GlobalWidgetBack)</visible>
						</control>
						<control type="image">
							<width>1882.5</width>
							<height>342</height>
							<texture border="40" colordiffuse="FF0B0B0B">homewidgets/bg_default.png</texture>
							<visible>!Skin.HasSetting(Enable.GlobalWidgetBack)</visible>
						</control>
					</control>
					<include content="PanelLabel">
						<param name="id">80215</param>
						<param name="Label">Lastship - TV-Serien</param>
						<param name="Title">$VAR[HomeWidgetInfoTitleVar]</param>
						<param name="labelFont">font13_title</param>
						<param name="labelBottom">318</param>
						<param name="labelWidth">922</param>
						<param name="labelLeft">38</param>
						<param name="labelRight">959</param>
						<param name="labelTitle">false</param>
					</include>
				</control>
			</control>
			<control type="group">
				<animation condition="false" effect="slide" end="0,-20">Conditional</animation>
				<top>70</top>
				<control id="80215" type="panel">
					<left>37.5</left>
					<width>1845</width>
					<height>300</height>
					<orientation>horizontal</orientation>
					<preloaditems>2</preloaditems>
					<scrolltime easing="out" tween="quadratic">300</scrolltime>
					<include>skinshortcuts-template-HorizontalNavigation2</include>
					<onfocus condition="System.HasAddon(script.skin.helper.service)">SetProperty(SkinHelper.WidgetContainer,80215)</onfocus>
					<onunfocus condition="System.HasAddon(script.skin.helper.service)">SetProperty(SkinHelper.WidgetContainer,Home)</onunfocus>
					<include content="PortraitArt">
						<param name="containerWidth">205</param>
						<param name="containerHeight">300</param>
						<param name="Texture">$VAR[PosterThumbVar]</param>
						<param name="leftArt">7.5</param>
						<param name="topArt">6</param>
						<param name="widthArt">190</param>
						<param name="heightArt">288</param>
						<param name="topFakeDiscArt">6</param>
						<param name="leftCase">2.5</param>
						<param name="topCase">0</param>
						<param name="widthCase">200</param>
						<param name="heightCase">300</param>
						<param name="labelHeight">-34</param>
						<param name="labelFont">Font_12</param>
						<param name="fallbackFont">fontCDalbum</param>
						<param name="fallbackVisible">false</param>
						<param name="Aspect">stretch</param>
						<param name="Aligny">top</param>
						<param name="Diffuse" />
						<param name="Case">homewidgets/cases/glass/portrait.png</param>
						<param name="labelVisible">true</param>
						<param name="labelFocusVisible">true</param>
						<param name="isWeather">false</param>
						<param name="weatherTop" />
						<param name="weatherHeight" />
						<param name="weatherTop1" />
						<param name="weatherTop2" />
						<param name="weatherTop3" />
						<param name="weatherFont">font14</param>
					</include>
					<content sortby="" sortorder="" target="videos">plugin://plugin.video.lastship/?action=tvNavigator&amp;reload=$INFO[Window(Home).Property(widgetreload)]$INFO[Window(Home).Property(widgetreload2)]</content>
				</control>
			</control>
		</control>
	</include>
	<include name="skinshortcuts-template-HorizontalNavigation1">
		<include condition="String.IsEqual(System.ProfileName,Master user)">skinshortcuts-template-HorizontalNavigation1-Master user</include>
	</include>
	<include name="skinshortcuts-template-HorizontalNavigation1-Master user">
		<onup condition="!String.IsEqual(Skin.String(MainMenu.Layout),vertical) + Control.IsVisible(90020) + !Skin.HasSetting(centermainmenu)">90020</onup>
		<onup condition="String.IsEqual(Skin.String(MainMenu.Layout),vertical) + [Control.IsVisible(9027) | System.HasMediaDVD]">9020</onup>
		<onup condition="String.IsEqual(Skin.String(MainMenu.Layout),vertical) + ![Control.IsVisible(9027) | System.HasMediaDVD]">9000</onup>
		<ondown condition="!String.IsEqual(Skin.String(MainMenu.Layout),vertical) + ![System.HasMediaDVD | Control.IsVisible(9027)]">9000</ondown>
		<ondown condition="!String.IsEqual(Skin.String(MainMenu.Layout),vertical) + [System.HasMediaDVD | Control.IsVisible(9027)]">9020</ondown>
		<ondown condition="String.IsEqual(Skin.String(MainMenu.Layout),vertical) + Control.IsVisible(90020)">90020</ondown>
		<ondown condition="String.IsEqual(Skin.String(MainMenu.Layout),vertical) + !Control.IsVisible(90020) + [Control.IsVisible(9027) | System.HasMediaDVD]">9020</ondown>
		<ondown condition="String.IsEqual(Skin.String(MainMenu.Layout),vertical) + !Control.IsVisible(90020) + ![Control.IsVisible(9027) | System.HasMediaDVD]">9000</ondown>
		<onleft condition="String.IsEqual(Skin.String(MainMenu.Layout),vertical)">9000</onleft>
		<onback>9000</onback>
	</include>
	<include name="skinshortcuts-template-HorizontalNavigation2">
		<include condition="String.IsEqual(System.ProfileName,Master user)">skinshortcuts-template-HorizontalNavigation2-Master user</include>
	</include>
	<include name="skinshortcuts-template-HorizontalNavigation2-Master user">
		<onup condition="!String.IsEqual(Skin.String(MainMenu.Layout),vertical) + Skin.HasSetting(centermainmenu)">9000</onup>
		<onup condition="String.IsEqual(Skin.String(MainMenu.Layout),vertical) + Control.IsVisible(90010)">90010</onup>
		<onup condition="String.IsEqual(Skin.String(MainMenu.Layout),vertical) + !Control.IsVisible(90010) + [Control.IsVisible(9027) | System.HasMediaDVD]">9020</onup>
		<onup condition="String.IsEqual(Skin.String(MainMenu.Layout),vertical) + !Control.IsVisible(90010) + ![Control.IsVisible(9027) | System.HasMediaDVD]">9000</onup>
		<ondown condition="!String.IsEqual(Skin.String(MainMenu.Layout),vertical) + Control.IsVisible(90020) + Skin.HasSetting(centermainmenu)">90020</ondown>
		<ondown condition="!String.IsEqual(Skin.String(MainMenu.Layout),vertical) + Control.IsVisible(90010) + !Skin.HasSetting(centermainmenu)">90010</ondown>
		<ondown condition="!String.IsEqual(Skin.String(MainMenu.Layout),vertical) + !Control.IsVisible(90010) + [System.HasMediaDVD | Control.IsVisible(9027)] + !Skin.HasSetting(centermainmenu)">9020</ondown>
		<ondown condition="!String.IsEqual(Skin.String(MainMenu.Layout),vertical) + !Control.IsVisible(90010) + ![System.HasMediaDVD | Control.IsVisible(9027)] + !Skin.HasSetting(centermainmenu)">9000</ondown>
		<ondown condition="String.IsEqual(Skin.String(MainMenu.Layout),vertical) + [Control.IsVisible(9027) | System.HasMediaDVD]">9020</ondown>
		<ondown condition="String.IsEqual(Skin.String(MainMenu.Layout),vertical) + ![Control.IsVisible(9027) | System.HasMediaDVD]">9000</ondown>
		<onleft condition="String.IsEqual(Skin.String(MainMenu.Layout),vertical)">9000</onleft>
		<onback>9000</onback>
	</include>
	<include name="skinshortcuts-template-WidgetPoster">
		<include condition="String.IsEqual(System.ProfileName,Master user)">skinshortcuts-template-WidgetPoster-Master user</include>
	</include>
	<include name="skinshortcuts-template-WidgetPoster-Master user" />
	<include name="skinshortcuts-template-WidgetTitle">
		<include condition="String.IsEqual(System.ProfileName,Master user)">skinshortcuts-template-WidgetTitle-Master user</include>
	</include>
	<include name="skinshortcuts-template-WidgetTitle-Master user" />
	<include name="skinshortcuts-template-WidgetTitle2">
		<include condition="String.IsEqual(System.ProfileName,Master user)">skinshortcuts-template-WidgetTitle2-Master user</include>
	</include>
	<include name="skinshortcuts-template-WidgetTitle2-Master user" />
	<variable name="HomeWidget80115CaseVar">
		<value condition="String.IsEqual(Container(9000).ListItem.Property(WidgetType),tvshows)">tvseries.png</value>
		<value condition="Container(80115).ListItem.IsCollection">set.png</value>
		<value condition="Container(80115).ListItem.IsStereoscopic">3d.png</value>
		<value condition="String.Contains(Container(80115).ListItem.Filename,hddvd)">hddvd.png</value>
		<value condition="String.Contains(Container(80115).ListItem.Filename,hdtv) | String.Contains(Container(80115).ListItem.Filename,hd tv)">hdtv.png</value>
		<value condition="String.Contains(Container(80115).ListItem.Filename,webdl) | String.Contains(Container(80115).ListItem.Filename,web-dl) | String.Contains(Container(80115).ListItem.Filename,webtv) | String.Contains(Container(80115).ListItem.Filename,web-tv)">webdl.png</value>
		<value condition="!String.IsEmpty(Container(80115).ListItem.VideoResolution)">$INFO[Container(80115).ListItem.VideoResolution]p.png</value>
		<value condition="!String.IsEmpty(Container(80115).ListItem.Property(VideoResolution))">$INFO[Container(80115).ListItem.Property(VideoResolution)]p.png</value>
		<value condition="String.IsEmpty(Container(80115).ListItem.Property(VideoResolution)) + String.IsEmpty(Container(80115).ListItem.TVShowTitle) + [!String.IsEmpty(Container(80115).ListItem.Trailer) | String.Contains(Container(80115).ListItem.FolderPath,extendedinfo)]">trailers.png</value>
		<value />
	</variable>
	<variable name="HomeWidget80115InfoCaseVar">
		<value condition="String.IsEqual(Skin.String(Widget.CaseInfo),Glass) + String.IsEmpty(Container(80115).ListItem.Property(Label3)) + String.IsEmpty(Container(80115).ListItem.ChannelName) + String.IsEmpty(Container(80115).ListItem.Artist) + String.IsEmpty(Container(80115).ListItem.AlbumArtist) + String.IsEmpty(Container(80115).ListItem.AddonName) + !false">homewidgets/cases/glass/portrait.png</value>
		<value condition="String.IsEqual(Skin.String(Widget.CaseInfo),Glass)">homewidgets/cases/glass/square.png</value>
		<value condition="String.IsEqual(Skin.String(Widget.CaseInfo),Case) + String.IsEmpty(Container(80115).ListItem.Property(Label3)) + String.IsEmpty(Container(80115).ListItem.ChannelName) + String.IsEmpty(Container(80115).ListItem.Artist) + String.IsEmpty(Container(80115).ListItem.AlbumArtist) + String.IsEmpty(Container(80115).ListItem.AddonName) + !false">homewidgets/cases/default/poster/$VAR[HomeWidget80115CaseVar]</value>
		<value condition="String.IsEqual(Skin.String(Widget.CaseInfo),Case)">homewidgets/cases/default/square/cd.png</value>
		<value condition="String.IsEqual(Skin.String(Widget.CaseInfo),Clear Case) + String.IsEmpty(Container(80115).ListItem.Property(Label3)) + String.IsEmpty(Container(80115).ListItem.ChannelName) + String.IsEmpty(Container(80115).ListItem.Artist) + String.IsEmpty(Container(80115).ListItem.AlbumArtist) + String.IsEmpty(Container(80115).ListItem.AddonName) + !false">homewidgets/cases/clearcase/poster/$VAR[HomeWidget80115CaseVar]</value>
		<value condition="String.IsEqual(Skin.String(Widget.CaseInfo),Clear Case)">homewidgets/cases/clearcase/square/cd.png</value>
		<value condition="String.IsEqual(Skin.String(Widget.CaseInfo),Match widget panel) + ! + String.IsEmpty(Container(80115).ListItem.Property(Label3)) + String.IsEmpty(Container(80115).ListItem.ChannelName) + String.IsEmpty(Container(80115).ListItem.Artist) + String.IsEmpty(Container(80115).ListItem.AlbumArtist) + String.IsEmpty(Container(80115).ListItem.AddonName) + !false">homewidgets/cases/poster/$VAR[HomeWidget80115CaseVar]/poster/$VAR[HomeWidget80115CaseVar]</value>
		<value condition="String.IsEqual(Skin.String(Widget.CaseInfo),Match widget panel) + !">homewidgets/cases/poster/$VAR[HomeWidget80115CaseVar]/square/cd.png</value>
		<value condition="String.IsEqual(Skin.String(Widget.CaseInfo),Match widget panel) +  + String.IsEmpty(Container(80115).ListItem.Property(Label3)) + String.IsEmpty(Container(80115).ListItem.ChannelName) + String.IsEmpty(Container(80115).ListItem.Artist) + String.IsEmpty(Container(80115).ListItem.AlbumArtist) + String.IsEmpty(Container(80115).ListItem.AddonName) + !false">homewidgets/cases/glass/portrait.png</value>
		<value condition="String.IsEqual(Skin.String(Widget.CaseInfo),Match widget panel) + ">homewidgets/cases/glass/square.png</value>
		<value />
	</variable>
	<variable name="HomeWidget80115PosterVar">
		<value condition="!String.IsEmpty(Container(80115).ListItem.Art(poster))">$INFO[Container(80115).ListItem.Art(poster)]</value>
		<value condition="!String.IsEmpty(Container(80115).ListItem.Art(tvshow.poster))">$INFO[Container(80115).ListItem.Art(tvshow.poster)]</value>
		<value condition="!String.IsEmpty(Container(80115).ListItem.Icon)">$INFO[Container(80115).ListItem.Icon]</value>
		<value>$INFO[Container(80115).ListItem.Art(thumb)]</value>
	</variable>
	<variable name="HomeWidget80115TitleVar">
		<value condition="!String.IsEmpty(Container(80115).ListItem.AddonName)">$INFO[Container(80115).ListItem.AddonName]</value>
		<value condition="[!Integer.IsGreater(Container(80115).ListItem.Season,9) + !Integer.IsGreater(Container(80115).ListItem.Episode,9)] + !String.StartsWith(Container(80115).ListItem.Episode,S) + !String.IsEmpty(Container(80115).ListItem.Episode) + !String.IsEqual(Container(80115).ListItem.Label,Container(80115).ListItem.TVShowTitle)">$INFO[Container(80115).ListItem.Season,S0]$INFO[Container(80115).ListItem.Episode,E0] $INFO[Container(80115).ListItem.Title]</value>
		<value condition="[!Integer.IsGreater(Container(80115).ListItem.Season,9) + !Integer.IsGreater(Container(80115).ListItem.Episode,9)] + String.StartsWith(Container(80115).ListItem.Episode,S) + !String.IsEmpty(Container(80115).ListItem.Episode) + !String.IsEqual(Container(80115).ListItem.Label,Container(80115).ListItem.TVShowTitle)">$INFO[Container(80115).ListItem.Season,S0]$INFO[Container(80115).ListItem.Episode] $INFO[Container(80115).ListItem.Title]</value>
		<value condition="[!Integer.IsGreater(Container(80115).ListItem.Season,9) + Integer.IsGreater(Container(80115).ListItem.Episode,9)] + !String.IsEmpty(Container(80115).ListItem.Episode) + !String.IsEqual(Container(80115).ListItem.Label,Container(80115).ListItem.TVShowTitle)">$INFO[Container(80115).ListItem.Season,S0]$INFO[Container(80115).ListItem.Episode,E] $INFO[Container(80115).ListItem.Title]</value>
		<value condition="[Integer.IsGreater(Container(80115).ListItem.Season,9) + !Integer.IsGreater(Container(80115).ListItem.Episode,9)] + !String.IsEmpty(Container(80115).ListItem.Episode) + !String.IsEqual(Container(80115).ListItem.Label,Container(80115).ListItem.TVShowTitle)">$INFO[Container(80115).ListItem.Season,S]$INFO[Container(80115).ListItem.Episode,E0] $INFO[Container(80115).ListItem.Title]</value>
		<value condition="[Integer.IsGreater(Container(80115).ListItem.Season,9) + Integer.IsGreater(Container(80115).ListItem.Episode,9)] + !String.IsEmpty(Container(80115).ListItem.Episode) + !String.IsEqual(Container(80115).ListItem.Label,Container(80115).ListItem.TVShowTitle)">$INFO[Container(80115).ListItem.Season,S]$INFO[Container(80115).ListItem.Episode,E] $INFO[Container(80115).ListItem.Title]</value>
		<value>$INFO[Container(80115).ListItem.Label]</value>
	</variable>
	<variable name="HomeWidget80115Title2Var">
		<value condition="!String.IsEmpty(Container(80115).ListItem.TVShowTitle)">$INFO[Container(80115).ListItem.TVShowTitle]</value>
		<value condition="!String.IsEmpty(Container(80115).ListItem.Artist)">$INFO[Container(80115).ListItem.Artist]</value>
		<value condition="!String.IsEmpty(Container(80115).ListItem.AlbumArtist)">$INFO[Container(80115).ListItem.AlbumArtist]</value>
		<value>$INFO[Container(80115).ListItem.Label]</value>
	</variable>
	<include name="skinshortcuts-template-WidgetPoster.2">
		<description>This include was built automatically as the template didn't match any menu items</description>
	</include>
	<include name="skinshortcuts-template-WidgetFanArt">
		<description>This include was built automatically as the template didn't match any menu items</description>
	</include>
	<include name="skinshortcuts-template-WidgetFanArt.2">
		<description>This include was built automatically as the template didn't match any menu items</description>
	</include>
	<include name="skinshortcuts-template-WidgetLandscape">
		<description>This include was built automatically as the template didn't match any menu items</description>
	</include>
	<include name="skinshortcuts-template-WidgetLandscape.2">
		<description>This include was built automatically as the template didn't match any menu items</description>
	</include>
	<include name="skinshortcuts-template-WidgetClearArt">
		<description>This include was built automatically as the template didn't match any menu items</description>
	</include>
	<include name="skinshortcuts-template-WidgetClearArt.2">
		<description>This include was built automatically as the template didn't match any menu items</description>
	</include>
	<include name="skinshortcuts-template-WidgetClearLogo">
		<description>This include was built automatically as the template didn't match any menu items</description>
	</include>
	<include name="skinshortcuts-template-WidgetClearLogo.2">
		<description>This include was built automatically as the template didn't match any menu items</description>
	</include>
	<include name="skinshortcuts-template-WidgetThumb">
		<description>This include was built automatically as the template didn't match any menu items</description>
	</include>
	<include name="skinshortcuts-template-WidgetThumb.2">
		<description>This include was built automatically as the template didn't match any menu items</description>
	</include>
	<include name="skinshortcuts-template-WidgetCharacterArt">
		<description>This include was built automatically as the template didn't match any menu items</description>
	</include>
	<include name="skinshortcuts-template-WidgetCharacterArt.2">
		<description>This include was built automatically as the template didn't match any menu items</description>
	</include>
	<include name="skinshortcuts-template-WidgetBanner">
		<description>This include was built automatically as the template didn't match any menu items</description>
	</include>
	<include name="skinshortcuts-template-WidgetBanner.2">
		<description>This include was built automatically as the template didn't match any menu items</description>
	</include>
	<include name="skinshortcuts-template-WidgetTitle.2">
		<description>This include was built automatically as the template didn't match any menu items</description>
	</include>
	<include name="skinshortcuts-template-WidgetTitle2.2">
		<description>This include was built automatically as the template didn't match any menu items</description>
	</include>
	<include name="skinshortcuts-template-WeatherForecastContent">
		<description>This include was built automatically as the template didn't match any menu items</description>
	</include>
	<include name="skinshortcuts-template-WeatherTodayContent">
		<description>This include was built automatically as the template didn't match any menu items</description>
	</include>
	<include name="skinshortcuts-template-WeatherTomorrowContent">
		<description>This include was built automatically as the template didn't match any menu items</description>
	</include>
	<include name="skinshortcuts-template-SystemContent">
		<description>This include was built automatically as the template didn't match any menu items</description>
	</include>
	<include name="skinshortcuts-template-SystemUptime">
		<description>This include was built automatically as the template didn't match any menu items</description>
	</include>
	<include name="skinshortcuts-template-SystemBattery">
		<description>This include was built automatically as the template didn't match any menu items</description>
	</include>
	<include name="skinshortcuts-template-SystemNetwork">
		<description>This include was built automatically as the template didn't match any menu items</description>
	</include>
	<include name="skinshortcuts-template-SystemVideo">
		<description>This include was built automatically as the template didn't match any menu items</description>
	</include>
	<include name="skinshortcuts-template-SystemCPU">
		<description>This include was built automatically as the template didn't match any menu items</description>
	</include>
	<include name="skinshortcuts-template-SystemMemory">
		<description>This include was built automatically as the template didn't match any menu items</description>
	</include>
	<include name="skinshortcuts-template-SystemStorage">
		<description>This include was built automatically as the template didn't match any menu items</description>
	</include>
	<include name="skinshortcuts-template-SystemPVR">
		<description>This include was built automatically as the template didn't match any menu items</description>
	</include>
	<include name="skinshortcuts-template-SystemVersion">
		<description>This include was built automatically as the template didn't match any menu items</description>
	</include>
</includes>
