<?xml version="1.0" encoding="UTF-8" standalone="yes"?>
<addon id="repository.stormnew" name="[COLOR lime]stormnew[/COLOR]" version="1.0.1" provider-name="[COLOR lime]stormnew[/COLOR]">
    <extension point="xbmc.addon.repository" name="HSK-DE DE REPOSITORY">
		<info compressed="false">https://raw.githubusercontent.com/storm2320/sicherung/master/addons.xml</info>
		<checksum>https://raw.githubusercontent.com/storm2320/sicherung/master/addons.xml.md5</checksum>
		<datadir zip="true">https://github.com/storm2320/sicherung/raw/master/zip/</datadir>
    </extension>
    <extension point="xbmc.addon.metadata">
        <summary>[COLOR lime]stormnew[/COLOR]</summary>
        <description>stormnew
stormnew</description>
        <platform>all</platform>
    </extension>
</addon>